img,title,subtitle,post,date
https://picsum.photos/2000/1000,Vancouver,Leaving Vancouver,"Lorem ipsum dolor sit amet, consectetur adipiscing elit. Nunc dapibus leo porttitor dui fermentum condimentum. Aliquam erat volutpat. Sed placerat quis diam vel volutpat. Fusce luctus libero id justo molestie, ac consequat libero vehicula. Ut luctus, felis quis facilisis pulvinar, arcu dui maximus leo, nec congue mi nunc nec elit. Vestibulum ante ipsum primis in faucibus orci luctus et ultrices posuere cubilia curae; In ullamcorper, nisl vitae sollicitudin ultricies, lectus dolor placerat eros, at dictum nunc mauris id nunc.

Pellentesque tempor id nunc eu sagittis. Sed vel laoreet ex, ac suscipit magna. Integer blandit varius nibh vel varius. Sed vitae volutpat lorem. Nullam malesuada lorem eu magna eleifend ultricies. Praesent at justo enim. Cras mattis magna sed diam consectetur, ut vulputate lacus dignissim. Etiam eget posuere tellus, id dapibus ante.

Praesent ut nisi lorem. Curabitur ipsum nibh, scelerisque ullamcorper tellus eget, pellentesque mollis erat. Etiam ac est suscipit, bibendum lectus in, tincidunt ante. Suspendisse convallis vehicula eros. In non accumsan nulla. Aenean et ligula et dui mollis dignissim. Maecenas ut diam id quam dictum tincidunt in id diam. Aliquam nec lectus eget lorem luctus euismod at at ligula. Sed semper arcu erat, pharetra dapibus risus efficitur quis. Nulla gravida nisi vel arcu imperdiet, nec suscipit turpis hendrerit. Cras porta et mi quis ultrices. Donec sit amet velit sit amet justo interdum auctor.","March 26, 2022"
https://picsum.photos/2000/1000,Toronto,Layover in Toronto,"Lorem ipsum dolor sit amet, consectetur adipiscing elit. Nunc dapibus leo porttitor dui fermentum condimentum. Aliquam erat volutpat. Sed placerat quis diam vel volutpat. Fusce luctus libero id justo molestie, ac consequat libero vehicula. Ut luctus, felis quis facilisis pulvinar, arcu dui maximus leo, nec congue mi nunc nec elit. Vestibulum ante ipsum primis in faucibus orci luctus et ultrices posuere cubilia curae; In ullamcorper, nisl vitae sollicitudin ultricies, lectus dolor placerat eros, at dictum nunc mauris id nunc.

Pellentesque tempor id nunc eu sagittis. Sed vel laoreet ex, ac suscipit magna. Integer blandit varius nibh vel varius. Sed vitae volutpat lorem. Nullam malesuada lorem eu magna eleifend ultricies. Praesent at justo enim. Cras mattis magna sed diam consectetur, ut vulputate lacus dignissim. Etiam eget posuere tellus, id dapibus ante.

Praesent ut nisi lorem. Curabitur ipsum nibh, scelerisque ullamcorper tellus eget, pellentesque mollis erat. Etiam ac est suscipit, bibendum lectus in, tincidunt ante. Suspendisse convallis vehicula eros. In non accumsan nulla. Aenean et ligula et dui mollis dignissim. Maecenas ut diam id quam dictum tincidunt in id diam. Aliquam nec lectus eget lorem luctus euismod at at ligula. Sed semper arcu erat, pharetra dapibus risus efficitur quis. Nulla gravida nisi vel arcu imperdiet, nec suscipit turpis hendrerit. Cras porta et mi quis ultrices. Donec sit amet velit sit amet justo interdum auctor.","March 27, 2022"
https://picsum.photos/2000/3000,Italy,Arriving in Italy,"Lorem ipsum dolor sit amet, consectetur adipiscing elit. Nunc dapibus leo porttitor dui fermentum condimentum. Aliquam erat volutpat. Sed placerat quis diam vel volutpat. Fusce luctus libero id justo molestie, ac consequat libero vehicula. Ut luctus, felis quis facilisis pulvinar, arcu dui maximus leo, nec congue mi nunc nec elit. Vestibulum ante ipsum primis in faucibus orci luctus et ultrices posuere cubilia curae; In ullamcorper, nisl vitae sollicitudin ultricies, lectus dolor placerat eros, at dictum nunc mauris id nunc.

Pellentesque tempor id nunc eu sagittis. Sed vel laoreet ex, ac suscipit magna. Integer blandit varius nibh vel varius. Sed vitae volutpat lorem. Nullam malesuada lorem eu magna eleifend ultricies. Praesent at justo enim. Cras mattis magna sed diam consectetur, ut vulputate lacus dignissim. Etiam eget posuere tellus, id dapibus ante.

Praesent ut nisi lorem. Curabitur ipsum nibh, scelerisque ullamcorper tellus eget, pellentesque mollis erat. Etiam ac est suscipit, bibendum lectus in, tincidunt ante. Suspendisse convallis vehicula eros. In non accumsan nulla. Aenean et ligula et dui mollis dignissim. Maecenas ut diam id quam dictum tincidunt in id diam. Aliquam nec lectus eget lorem luctus euismod at at ligula. Sed semper arcu erat, pharetra dapibus risus efficitur quis. Nulla gravida nisi vel arcu imperdiet, nec suscipit turpis hendrerit. Cras porta et mi quis ultrices. Donec sit amet velit sit amet justo interdum auctor.","March 28, 2022"